Фамилия;Имя;Отчество
Александров;Петр;Константинович
Антоненко;Дмитрий;Игоревич
Байчорова;Агата;Рустамовна
Бахшиев;Павел;Иннокентьевич
Бунин;Эдуард;Михайлович
Габиец;Игорь;Леонидович
Гладилина;Вера;Михайловна
Гусев;Семен;Петрович
Захарящев;Денис;Сергеевич
Лапшин;Виктор;Романович
Лукин;Илья;Федорович
Любяшева;Галина;Аркадьевна
Мазалова;Ирина;Львовна
Мазалова;Ольга;Николаевна
Мартыненко;Александр;Сергеевич
Масюк;Динара;Викторовна
Минеева;Галина;Валерьевна
Михайлов;Игорь;Вадимович
Петров;Станислав;Игоревич
Савельев;Олег;Иванович
Семеняка;Юрий;Геннадьевич
Смирнов;Михаил;Юрьевич
Смирнова;Дарья;Андреевна
Третьяк;Ярослава;Викторовна
Тюренкова;Наталья;Сергеевна
Устьянцева;Анна;Станиславовна
Филь;Марина;Федоровна
Черненко;Никита;Алексеевич
Шевченко;Ольга;Викторовна
